﻿<?xml version="1.0"?>
<doc>
<assembly>
<name>
HotelSystem
</name>
</assembly>
<members>
<member name="P:HotelSystem.My.Resources.Resources.ResourceManager">
	<summary>
  Returns the cached ResourceManager instance used by this class.
</summary>
</member><member name="P:HotelSystem.My.Resources.Resources.Culture">
	<summary>
  Overrides the current thread's CurrentUICulture property for all
  resource lookups using this strongly typed resource class.
</summary>
</member><member name="P:HotelSystem.My.Resources.Resources._1451113132_Customer_Male_Light">
	<summary>
  Looks up a localized resource of type System.Drawing.Bitmap.
</summary>
</member><member name="P:HotelSystem.My.Resources.Resources._1451113132_Customer_Male_Light1">
	<summary>
  Looks up a localized resource of type System.Drawing.Bitmap.
</summary>
</member><member name="P:HotelSystem.My.Resources.Resources._1453721924_autoship">
	<summary>
  Looks up a localized resource of type System.Drawing.Bitmap.
</summary>
</member><member name="P:HotelSystem.My.Resources.Resources._1472720664_document_open">
	<summary>
  Looks up a localized resource of type System.Drawing.Bitmap.
</summary>
</member><member name="P:HotelSystem.My.Resources.Resources._1489493744_exit">
	<summary>
  Looks up a localized resource of type System.Drawing.Bitmap.
</summary>
</member><member name="P:HotelSystem.My.Resources.Resources._2">
	<summary>
  Looks up a localized resource of type System.Drawing.Bitmap.
</summary>
</member><member name="P:HotelSystem.My.Resources.Resources._Erase">
	<summary>
  Looks up a localized resource of type System.Drawing.Bitmap.
</summary>
</member><member name="P:HotelSystem.My.Resources.Resources.Add_product">
	<summary>
  Looks up a localized resource of type System.Drawing.Bitmap.
</summary>
</member><member name="P:HotelSystem.My.Resources.Resources.add1">
	<summary>
  Looks up a localized resource of type System.Drawing.Bitmap.
</summary>
</member><member name="P:HotelSystem.My.Resources.Resources.add2">
	<summary>
  Looks up a localized resource of type System.Drawing.Bitmap.
</summary>
</member><member name="P:HotelSystem.My.Resources.Resources.add4">
	<summary>
  Looks up a localized resource of type System.Drawing.Bitmap.
</summary>
</member><member name="P:HotelSystem.My.Resources.Resources.add41">
	<summary>
  Looks up a localized resource of type System.Drawing.Bitmap.
</summary>
</member><member name="P:HotelSystem.My.Resources.Resources.admin_settings">
	<summary>
  Looks up a localized resource of type System.Drawing.Bitmap.
</summary>
</member><member name="P:HotelSystem.My.Resources.Resources.admin_settings1">
	<summary>
  Looks up a localized resource of type System.Drawing.Bitmap.
</summary>
</member><member name="P:HotelSystem.My.Resources.Resources.Back">
	<summary>
  Looks up a localized resource of type System.Drawing.Bitmap.
</summary>
</member><member name="P:HotelSystem.My.Resources.Resources.backup">
	<summary>
  Looks up a localized resource of type System.Drawing.Bitmap.
</summary>
</member><member name="P:HotelSystem.My.Resources.Resources.bed">
	<summary>
  Looks up a localized resource of type System.Drawing.Bitmap.
</summary>
</member><member name="P:HotelSystem.My.Resources.Resources.Cancel">
	<summary>
  Looks up a localized resource of type System.Drawing.Bitmap.
</summary>
</member><member name="P:HotelSystem.My.Resources.Resources.cashier">
	<summary>
  Looks up a localized resource of type System.Drawing.Bitmap.
</summary>
</member><member name="P:HotelSystem.My.Resources.Resources.checkin">
	<summary>
  Looks up a localized resource of type System.Drawing.Bitmap.
</summary>
</member><member name="P:HotelSystem.My.Resources.Resources.Clear">
	<summary>
  Looks up a localized resource of type System.Drawing.Bitmap.
</summary>
</member><member name="P:HotelSystem.My.Resources.Resources.CMYK">
	<summary>
  Looks up a localized resource of type System.Drawing.Bitmap.
</summary>
</member><member name="P:HotelSystem.My.Resources.Resources.Create">
	<summary>
  Looks up a localized resource of type System.Drawing.Bitmap.
</summary>
</member><member name="P:HotelSystem.My.Resources.Resources.custom_reports_icon">
	<summary>
  Looks up a localized resource of type System.Drawing.Bitmap.
</summary>
</member><member name="P:HotelSystem.My.Resources.Resources.Delete">
	<summary>
  Looks up a localized resource of type System.Drawing.Bitmap.
</summary>
</member><member name="P:HotelSystem.My.Resources.Resources.delete2">
	<summary>
  Looks up a localized resource of type System.Drawing.Bitmap.
</summary>
</member><member name="P:HotelSystem.My.Resources.Resources.door">
	<summary>
  Looks up a localized resource of type System.Drawing.Bitmap.
</summary>
</member><member name="P:HotelSystem.My.Resources.Resources.edit_delete_icon">
	<summary>
  Looks up a localized resource of type System.Drawing.Bitmap.
</summary>
</member><member name="P:HotelSystem.My.Resources.Resources.edit_gnote_icon">
	<summary>
  Looks up a localized resource of type System.Drawing.Bitmap.
</summary>
</member><member name="P:HotelSystem.My.Resources.Resources.edit_icon">
	<summary>
  Looks up a localized resource of type System.Drawing.Bitmap.
</summary>
</member><member name="P:HotelSystem.My.Resources.Resources.edit_icon1">
	<summary>
  Looks up a localized resource of type System.Drawing.Bitmap.
</summary>
</member><member name="P:HotelSystem.My.Resources.Resources.Edit_page">
	<summary>
  Looks up a localized resource of type System.Drawing.Bitmap.
</summary>
</member><member name="P:HotelSystem.My.Resources.Resources.exchange__1_">
	<summary>
  Looks up a localized resource of type System.Drawing.Bitmap.
</summary>
</member><member name="P:HotelSystem.My.Resources.Resources.folder_customer_icon">
	<summary>
  Looks up a localized resource of type System.Drawing.Bitmap.
</summary>
</member><member name="P:HotelSystem.My.Resources.Resources.folder_customer_icon1">
	<summary>
  Looks up a localized resource of type System.Drawing.Bitmap.
</summary>
</member><member name="P:HotelSystem.My.Resources.Resources.folder_customer_icon2">
	<summary>
  Looks up a localized resource of type System.Drawing.Bitmap.
</summary>
</member><member name="P:HotelSystem.My.Resources.Resources.Home">
	<summary>
  Looks up a localized resource of type System.Drawing.Bitmap.
</summary>
</member><member name="P:HotelSystem.My.Resources.Resources.hotel">
	<summary>
  Looks up a localized resource of type System.Drawing.Bitmap.
</summary>
</member><member name="P:HotelSystem.My.Resources.Resources.hotel_booking">
	<summary>
  Looks up a localized resource of type System.Drawing.Bitmap.
</summary>
</member><member name="P:HotelSystem.My.Resources.Resources.hotel_dirty">
	<summary>
  Looks up a localized resource of type System.Drawing.Bitmap.
</summary>
</member><member name="P:HotelSystem.My.Resources.Resources.hotel_empty">
	<summary>
  Looks up a localized resource of type System.Drawing.Bitmap.
</summary>
</member><member name="P:HotelSystem.My.Resources.Resources.hotel_notempty">
	<summary>
  Looks up a localized resource of type System.Drawing.Bitmap.
</summary>
</member><member name="P:HotelSystem.My.Resources.Resources.hotel_outofforder">
	<summary>
  Looks up a localized resource of type System.Drawing.Bitmap.
</summary>
</member><member name="P:HotelSystem.My.Resources.Resources.hotelcheckout">
	<summary>
  Looks up a localized resource of type System.Drawing.Bitmap.
</summary>
</member><member name="P:HotelSystem.My.Resources.Resources.iBarcoder">
	<summary>
  Looks up a localized resource of type System.Drawing.Bitmap.
</summary>
</member><member name="P:HotelSystem.My.Resources.Resources.LAB_color_model">
	<summary>
  Looks up a localized resource of type System.Drawing.Bitmap.
</summary>
</member><member name="P:HotelSystem.My.Resources.Resources.list_ico">
	<summary>
  Looks up a localized resource of type System.Drawing.Bitmap.
</summary>
</member><member name="P:HotelSystem.My.Resources.Resources.list_ico1">
	<summary>
  Looks up a localized resource of type System.Drawing.Bitmap.
</summary>
</member><member name="P:HotelSystem.My.Resources.Resources.LOGOWathashi1">
	<summary>
  Looks up a localized resource of type System.Drawing.Bitmap.
</summary>
</member><member name="P:HotelSystem.My.Resources.Resources.Menu">
	<summary>
  Looks up a localized resource of type System.Drawing.Bitmap.
</summary>
</member><member name="P:HotelSystem.My.Resources.Resources.money1">
	<summary>
  Looks up a localized resource of type System.Drawing.Bitmap.
</summary>
</member><member name="P:HotelSystem.My.Resources.Resources.New_file">
	<summary>
  Looks up a localized resource of type System.Drawing.Bitmap.
</summary>
</member><member name="P:HotelSystem.My.Resources.Resources.Ok">
	<summary>
  Looks up a localized resource of type System.Drawing.Bitmap.
</summary>
</member><member name="P:HotelSystem.My.Resources.Resources.Open">
	<summary>
  Looks up a localized resource of type System.Drawing.Bitmap.
</summary>
</member><member name="P:HotelSystem.My.Resources.Resources.Open_file">
	<summary>
  Looks up a localized resource of type System.Drawing.Bitmap.
</summary>
</member><member name="P:HotelSystem.My.Resources.Resources.order">
	<summary>
  Looks up a localized resource of type System.Drawing.Bitmap.
</summary>
</member><member name="P:HotelSystem.My.Resources.Resources.Pen">
	<summary>
  Looks up a localized resource of type System.Drawing.Bitmap.
</summary>
</member><member name="P:HotelSystem.My.Resources.Resources.person_man">
	<summary>
  Looks up a localized resource of type System.Drawing.Bitmap.
</summary>
</member><member name="P:HotelSystem.My.Resources.Resources.personal_loan_icon">
	<summary>
  Looks up a localized resource of type System.Drawing.Bitmap.
</summary>
</member><member name="P:HotelSystem.My.Resources.Resources.print_and_save">
	<summary>
  Looks up a localized resource of type System.Drawing.Bitmap.
</summary>
</member><member name="P:HotelSystem.My.Resources.Resources.product">
	<summary>
  Looks up a localized resource of type System.Drawing.Bitmap.
</summary>
</member><member name="P:HotelSystem.My.Resources.Resources.Product_documentation_icon__1_">
	<summary>
  Looks up a localized resource of type System.Drawing.Bitmap.
</summary>
</member><member name="P:HotelSystem.My.Resources.Resources.product_icon">
	<summary>
  Looks up a localized resource of type System.Drawing.Bitmap.
</summary>
</member><member name="P:HotelSystem.My.Resources.Resources.receipt">
	<summary>
  Looks up a localized resource of type System.Drawing.Bitmap.
</summary>
</member><member name="P:HotelSystem.My.Resources.Resources.receipt1">
	<summary>
  Looks up a localized resource of type System.Drawing.Bitmap.
</summary>
</member><member name="P:HotelSystem.My.Resources.Resources.receipt2">
	<summary>
  Looks up a localized resource of type System.Drawing.Bitmap.
</summary>
</member><member name="P:HotelSystem.My.Resources.Resources.receipt3">
	<summary>
  Looks up a localized resource of type System.Drawing.Bitmap.
</summary>
</member><member name="P:HotelSystem.My.Resources.Resources.Refresh">
	<summary>
  Looks up a localized resource of type System.Drawing.Bitmap.
</summary>
</member><member name="P:HotelSystem.My.Resources.Resources.Report">
	<summary>
  Looks up a localized resource of type System.Drawing.Bitmap.
</summary>
</member><member name="P:HotelSystem.My.Resources.Resources.room">
	<summary>
  Looks up a localized resource of type System.Drawing.Bitmap.
</summary>
</member><member name="P:HotelSystem.My.Resources.Resources.room1">
	<summary>
  Looks up a localized resource of type System.Drawing.Bitmap.
</summary>
</member><member name="P:HotelSystem.My.Resources.Resources.Save">
	<summary>
  Looks up a localized resource of type System.Drawing.Bitmap.
</summary>
</member><member name="P:HotelSystem.My.Resources.Resources.Save_icon">
	<summary>
  Looks up a localized resource of type System.Drawing.Bitmap.
</summary>
</member><member name="P:HotelSystem.My.Resources.Resources.Search">
	<summary>
  Looks up a localized resource of type System.Drawing.Bitmap.
</summary>
</member><member name="P:HotelSystem.My.Resources.Resources.Search1">
	<summary>
  Looks up a localized resource of type System.Drawing.Bitmap.
</summary>
</member><member name="P:HotelSystem.My.Resources.Resources.Settings">
	<summary>
  Looks up a localized resource of type System.Drawing.Bitmap.
</summary>
</member><member name="P:HotelSystem.My.Resources.Resources.shopping_cart">
	<summary>
  Looks up a localized resource of type System.Drawing.Bitmap.
</summary>
</member><member name="T:HotelSystem.My.Resources.Resources">
	<summary>
  A strongly-typed resource class, for looking up localized strings, etc.
</summary>
</member><member name="T:HotelSystem.ReportDataset.viewproductDataTable">
	<summary>
Represents the strongly named DataTable class.
</summary>
</member><member name="T:HotelSystem.ReportDataset.viewroomDataTable">
	<summary>
Represents the strongly named DataTable class.
</summary>
</member><member name="T:HotelSystem.ReportDataset.viewprovienceDataTable">
	<summary>
Represents the strongly named DataTable class.
</summary>
</member><member name="T:HotelSystem.ReportDataset.viewcheckoutDataTable">
	<summary>
Represents the strongly named DataTable class.
</summary>
</member><member name="T:HotelSystem.ReportDataset.viewroom1DataTable">
	<summary>
Represents the strongly named DataTable class.
</summary>
</member><member name="T:HotelSystem.ReportDataset.viewroomrateDataTable">
	<summary>
Represents the strongly named DataTable class.
</summary>
</member><member name="T:HotelSystem.ReportDataset.sumarystatusBlockDataTable">
	<summary>
Represents the strongly named DataTable class.
</summary>
</member><member name="T:HotelSystem.ReportDataset.viewbill_folioDataTable">
	<summary>
Represents the strongly named DataTable class.
</summary>
</member><member name="T:HotelSystem.ReportDataset.viewreserveDataTable">
	<summary>
Represents the strongly named DataTable class.
</summary>
</member><member name="T:HotelSystem.ReportDataset.tbcompanyprofileDataTable">
	<summary>
Represents the strongly named DataTable class.
</summary>
</member><member name="T:HotelSystem.ReportDataset.viewcheckinDataTable">
	<summary>
Represents the strongly named DataTable class.
</summary>
</member><member name="T:HotelSystem.ReportDataset.viewcustomerDataTable">
	<summary>
Represents the strongly named DataTable class.
</summary>
</member><member name="T:HotelSystem.ReportDataset.viewproductRow">
	<summary>
Represents strongly named DataRow class.
</summary>
</member><member name="T:HotelSystem.ReportDataset.viewroomRow">
	<summary>
Represents strongly named DataRow class.
</summary>
</member><member name="T:HotelSystem.ReportDataset.viewprovienceRow">
	<summary>
Represents strongly named DataRow class.
</summary>
</member><member name="T:HotelSystem.ReportDataset.viewcheckoutRow">
	<summary>
Represents strongly named DataRow class.
</summary>
</member><member name="T:HotelSystem.ReportDataset.viewroom1Row">
	<summary>
Represents strongly named DataRow class.
</summary>
</member><member name="T:HotelSystem.ReportDataset.viewroomrateRow">
	<summary>
Represents strongly named DataRow class.
</summary>
</member><member name="T:HotelSystem.ReportDataset.sumarystatusBlockRow">
	<summary>
Represents strongly named DataRow class.
</summary>
</member><member name="T:HotelSystem.ReportDataset.viewbill_folioRow">
	<summary>
Represents strongly named DataRow class.
</summary>
</member><member name="T:HotelSystem.ReportDataset.viewreserveRow">
	<summary>
Represents strongly named DataRow class.
</summary>
</member><member name="T:HotelSystem.ReportDataset.tbcompanyprofileRow">
	<summary>
Represents strongly named DataRow class.
</summary>
</member><member name="T:HotelSystem.ReportDataset.viewcheckinRow">
	<summary>
Represents strongly named DataRow class.
</summary>
</member><member name="T:HotelSystem.ReportDataset.viewcustomerRow">
	<summary>
Represents strongly named DataRow class.
</summary>
</member><member name="T:HotelSystem.ReportDataset.viewproductRowChangeEvent">
	<summary>
Row event argument class
</summary>
</member><member name="T:HotelSystem.ReportDataset.viewroomRowChangeEvent">
	<summary>
Row event argument class
</summary>
</member><member name="T:HotelSystem.ReportDataset.viewprovienceRowChangeEvent">
	<summary>
Row event argument class
</summary>
</member><member name="T:HotelSystem.ReportDataset.viewcheckoutRowChangeEvent">
	<summary>
Row event argument class
</summary>
</member><member name="T:HotelSystem.ReportDataset.viewroom1RowChangeEvent">
	<summary>
Row event argument class
</summary>
</member><member name="T:HotelSystem.ReportDataset.viewroomrateRowChangeEvent">
	<summary>
Row event argument class
</summary>
</member><member name="T:HotelSystem.ReportDataset.sumarystatusBlockRowChangeEvent">
	<summary>
Row event argument class
</summary>
</member><member name="T:HotelSystem.ReportDataset.viewbill_folioRowChangeEvent">
	<summary>
Row event argument class
</summary>
</member><member name="T:HotelSystem.ReportDataset.viewreserveRowChangeEvent">
	<summary>
Row event argument class
</summary>
</member><member name="T:HotelSystem.ReportDataset.tbcompanyprofileRowChangeEvent">
	<summary>
Row event argument class
</summary>
</member><member name="T:HotelSystem.ReportDataset.viewcheckinRowChangeEvent">
	<summary>
Row event argument class
</summary>
</member><member name="T:HotelSystem.ReportDataset.viewcustomerRowChangeEvent">
	<summary>
Row event argument class
</summary>
</member><member name="T:HotelSystem.ReportDataset">
	<summary>
Represents a strongly typed in-memory cache of data.
</summary>
</member><member name="T:HotelSystem.ReportDatasetTableAdapters.viewproductTableAdapter">
	<summary>
Represents the connection and commands used to retrieve and save data.
</summary>
</member><member name="T:HotelSystem.ReportDatasetTableAdapters.viewroomTableAdapter">
	<summary>
Represents the connection and commands used to retrieve and save data.
</summary>
</member><member name="T:HotelSystem.ReportDatasetTableAdapters.viewprovienceTableAdapter">
	<summary>
Represents the connection and commands used to retrieve and save data.
</summary>
</member><member name="T:HotelSystem.ReportDatasetTableAdapters.viewcheckoutTableAdapter">
	<summary>
Represents the connection and commands used to retrieve and save data.
</summary>
</member><member name="T:HotelSystem.ReportDatasetTableAdapters.viewroom1TableAdapter">
	<summary>
Represents the connection and commands used to retrieve and save data.
</summary>
</member><member name="T:HotelSystem.ReportDatasetTableAdapters.viewroomrateTableAdapter">
	<summary>
Represents the connection and commands used to retrieve and save data.
</summary>
</member><member name="T:HotelSystem.ReportDatasetTableAdapters.sumarystatusBlockTableAdapter">
	<summary>
Represents the connection and commands used to retrieve and save data.
</summary>
</member><member name="T:HotelSystem.ReportDatasetTableAdapters.viewbill_folioTableAdapter">
	<summary>
Represents the connection and commands used to retrieve and save data.
</summary>
</member><member name="T:HotelSystem.ReportDatasetTableAdapters.viewreserveTableAdapter">
	<summary>
Represents the connection and commands used to retrieve and save data.
</summary>
</member><member name="T:HotelSystem.ReportDatasetTableAdapters.tbcompanyprofileTableAdapter">
	<summary>
Represents the connection and commands used to retrieve and save data.
</summary>
</member><member name="T:HotelSystem.ReportDatasetTableAdapters.viewcheckinTableAdapter">
	<summary>
Represents the connection and commands used to retrieve and save data.
</summary>
</member><member name="T:HotelSystem.ReportDatasetTableAdapters.viewcustomerTableAdapter">
	<summary>
Represents the connection and commands used to retrieve and save data.
</summary>
</member><member name="M:HotelSystem.ReportDatasetTableAdapters.TableAdapterManager.UpdateUpdatedRows(HotelSystem.ReportDataset,System.Collections.Generic.List{System.Data.DataRow},System.Collections.Generic.List{System.Data.DataRow})">
	<summary>
Update rows in top-down order.
</summary>
</member><member name="M:HotelSystem.ReportDatasetTableAdapters.TableAdapterManager.UpdateInsertedRows(HotelSystem.ReportDataset,System.Collections.Generic.List{System.Data.DataRow})">
	<summary>
Insert rows in top-down order.
</summary>
</member><member name="M:HotelSystem.ReportDatasetTableAdapters.TableAdapterManager.UpdateDeletedRows(HotelSystem.ReportDataset,System.Collections.Generic.List{System.Data.DataRow})">
	<summary>
Delete rows in bottom-up order.
</summary>
</member><member name="M:HotelSystem.ReportDatasetTableAdapters.TableAdapterManager.GetRealUpdatedRows(System.Data.DataRow[],System.Collections.Generic.List{System.Data.DataRow})">
	<summary>
Remove inserted rows that become updated rows after calling TableAdapter.Update(inserted rows) first
</summary>
</member><member name="M:HotelSystem.ReportDatasetTableAdapters.TableAdapterManager.UpdateAll(HotelSystem.ReportDataset)">
	<summary>
Update all changes to the dataset.
</summary>
</member><member name="T:HotelSystem.ReportDatasetTableAdapters.TableAdapterManager.UpdateOrderOption">
	<summary>
Update Order Option
</summary>
</member><member name="T:HotelSystem.ReportDatasetTableAdapters.TableAdapterManager.SelfReferenceComparer">
	<summary>
Used to sort self-referenced table's rows
</summary>
</member><member name="T:HotelSystem.ReportDatasetTableAdapters.TableAdapterManager">
	<summary>
TableAdapterManager is used to coordinate TableAdapters in the dataset to enable Hierarchical Update scenarios
</summary>
</member>
</members>
</doc>